(GIO) Human Resource Development International,C
- JEC Entrepreneurial Business and Economics Review: EBER,D
4OR,C
Abacus,B
Academy of Management Annals,A
Academy of Management Discoveries,A
Academy of Management Journal,A+
Academy of Management Learning & Education,B
Academy of Management Perspectives,A
Academy of Management Review,A+
Accounting and Business Research,B
Accounting and Finance,B
Accounting and the Public Interest,C
Accounting Horizons,B
Accounting in Europe,C
Accounting Review,A+
Accounting, Auditing & Accountability Journal,A
Accounting, Organizations and Society,A
ACM Computing Surveys,A
ACM SIGMIS Database: The DATA BASE for Advances in Information Systems|ACM SIGMIS Database,B
ACM Transactions on Computer-Human Interaction,B
ACM Transactions on Human-Robot Interaction,B
ACM Transactions on Information Systems,B
ACM Transactions on Interactive Intelligent Systems,B
ACM Transactions on Management Information Systems,B
ACM Transactions on Software Engineering and Methodology,B
Action Research,C
Administration & Society,B
Administrative Science Quarterly,A+
Advances in Accounting,C
Advances in Industrial and Labor Relations,C
Advances in Strategic Management,B
Advances of Applied Energy,B
Africa Journal of Management,C
AI & Society: Knowledge, Culture and Communication|AI & Society,C
AIS Transaction on Enterprise Systems,C
AIS Transactions on Human-Computer Interaction,B
AIS Transactions on Replication Research,C
American economic journal: applied economics|American economic journal,A
American Economic Journal: Economic Policy|American Economic Journal,A
American economic journal: macroeconomics|American economic journal,A
American economic journal: microeconomics|American economic journal,A
American Economic Review: Insights|American Economic Review,A+
American Economic Review: Insights|American Economic Review,A
American Journal of Health Economics,B
AMS Review,B
and Practice Health Economics Review,C
Annals of Operations Research,B
Annals of Tourism Research,C
Annual Review of Financial Economics,B
Annual Review of Organizational Psychology and Organizational Behavior,A
Annual Reviews in Control,C
Appetite,B
Applied Economics,C
Applied Energy,B
Applied Financial Economics,C
Applied Financial Economics Letters,C
Applied Health Economics and Health Policy,B
Applied Mathematical Finance,C
Applied Mathematical Modelling,B
Applied Psychology : An International Review|Applied Psychology,B
Arbeit : Zeitschrift für Arbeitsforschung, Arbeitsgestaltung und Arbeitspolitik|Arbeit,C
Artificial Intelligence,B
Asia Pacific Business Review,C
Asia Pacific Journal of Human Resources,C
Asia Pacific Journal of Innovation and Entrepreneurship,D
Asia Pacific Journal of Management,B
Asia Pacific Journal of Marketing and Logistics,C
Asia-Pacific Journal of Operational Research,C
Asian Business & Management,C
Asian Journal of Technology Innovation,D
ASTIN Bulletin,C
Australasian Marketing Journal,C
Australian Journal of Information Systems,C
Australian Journal of Management,C
Australian Journal of Public Administration,C
Baltic Journal of Management,C
Bank Accounting & Finance (eingestellt 2010)|Bank Accounting & Finance,D
BankArchiv: Zeitschrift für das gesamte Bank- und Börsenwesen|BankArchiv,D
Bankhistorisches Archiv,D
Behavior Research Methods,B
Behavioral Public Policy,B
Behavioral Research in Accounting,B
Behaviour & Information Technology,B
Betriebswirtschaftliche Forschung und Praxis : BFuP|Betriebswirtschaftliche Forschung und Praxis,C
Big Data & Society,B
Biomass and Bioenergy,B
BIT Banking and Information Technology,D
BKR - Zeitschrift für Bank- und Kapitalmarktrecht,D
BMC Health Services Research,C
BMJ Open,C
British Food Journal,B
British Journal of Healthcare Management,C
British Journal of Industrial Relations,A
British Journal of Management,B
Business & Information Systems Engineering,B
Business & Society,A
Business and Society Review,B
Business Ethics Quarterly,A
Business ethics, the environment & responsibility,B
Business Ethics: A European Review|Business Ethics,B
Business Horizons,B
Business Process Management Journal,C
Business Research,B
Business Research Quarterly,B
Business Strategy and Development,B
Business Strategy and the Environment,B
California Management Review,B
Canadian Journal of Administrative Sciences,C
Canadian Journal of Economics - Revue Canadienne d'Économique,B
Career Development International,C
Career Development Quarterly,C
Central European Journal of Operations Research : CEJOR|Central European Journal of Operations Research,C
Circular Economy and Sustainability,C
Cleaner and Responsible Consumption,C
Cleaner logistics and supply chain,C
Communications of the ACM,B
Communications of the Association for Information Systems,B
Computational Management Science,B
Computer,B
Computer Networks,C
Computer Supported Cooperative Work,B
Computers & chemical engineering,B
Computers & Education,B
Computers & Operations Research,B
Computers & Security,B
Computers and Industrial Engineering,B
Computers in human behavior,B
Computers in Industry,B
Consumer Psychology Review,C
Consumption, Markets and Culture,C
Contemporary Accounting Research,A
Controlling & Management Review,C
Controlling : Zeitschrift für erfolgsorientierte Unternehmenssteuerung|Controlling,D
Cornell Hospitality Quarterly,C
Corporate Governance : An International Review|Corporate Governance,B
Corporate Governance: The International Journal of Business in Society|Corporate Governance,C
Corporate Ownership and Control,C
Corporate Social Responsibility and Environmental Management,B
Creativity and Innovation Management,B
Credit and Capital Markets - Kredit und Kapital,C
Critical Finance Review,A
Critical Perspectives on International Business,C
Cross Cultural & Strategic Management,C
Cross Cultural & Strategic Management (CCSM) (vorher: Cross Cultural,B
Cross Cultural Management : An International Journal|Cross Cultural Management,C
Cross-Cultural Research,C
Culture and Organization,B
Customer Needs and Solutions,C
Das Gesundheitswesen,C
Das Wirtschaftsstudium :WISU|Das Wirtschaftsstudium,D
Data & Knowledge Engineering,B
Datenschutz und Datensicherheit,D
DBW Die Betriebswirtschaft - Business Administration Review,B
Decision Analysis,B
Decision Sciences,B
Decision Support Systems (DSS)|Decision Support Systems,B
Der Betriebswirt - Management in Wissenschaft und Praxis,D
der moderne staat (dms): Zeitschrift für Public Policy, Recht und Management|der moderne staat,C
Die Bank,D
Die Unternehmung - Swiss Journal of Business Research and Practice,C
Die Verwaltung: Zeitschrift für Verwaltungsrecht und Verwaltungswissenschaften|Die Verwaltung,D
Digital Business,C
Discrete Applied Mathematics,A
e-Service Journal,D
Ecological Economics,B
Econometrica,A+
Economic and Industrial Democracy,B
Economics British Journal of Industrial Relations,B
Economics Bulletin,C
Economics Environmental Science and Technology,B
Economics Journal of Media Economics,B
Economics Letters,B
Economics of Innovation and New Technology,C
eJournal of Tax Research,C
Electronic Commerce Research,C
Electronic Commerce Research and Applications,C
Electronic Markets : EM|Electronic Markets,B
Emerging Markets Finance and Trade,D
Emerging Markets Review,C
Employee Relations,B
Energy,B
Energy Economics,B
Energy Informatics,C
Energy Policy,B
Energy Research and Social Science,B
Energy Strategy Reviews,B
Enterprise Modelling and Information Systems Architectures,C
Entrepreneurship and Regional Development,B
Entrepreneurship Education,C
Entrepreneurship Education & Pedagogy,C
Entrepreneurship Research Journal,C
Entrepreneurship, Theory and Practice,A
Environmental Innovation and Societal Transitions,C
Ephemera: Theory and Politics in Organization|Ephemera,C
Equality, Diversity and Inclusion: An International Journal|Equality, Diversity and Inclusion,B
Eurasian Business Review,D
EURO Journal on Computational Optimization,B
EURO Journal on Decision Processes,B
EURO Journal on Transportation and Logistics,B
European Accounting Review,A
European Business Review,B
European Economic Review,A
European Financial Management,B
European Journal of Cross-Cultural Competence and Management,C
European Journal of Finance,B
European Journal of Industrial Relations,B
European Journal of Information Systems,A
European Journal of Innovation Management,C
European Journal of International Management,B
European Journal of Law and Economics,B
European Journal of Management / International Academy of Business and,B
European Journal of Management / International Academy of Business and Economics|European Journal of Management,B
European Journal of Marketing,B
European Journal of Operational Research,A
European Journal of Work and Organizational Psychology,B
European Management Journal,B
European Management Review,B
European Sport Management Quarterly,C
Evidence-Based HRM,C
Expert Systems with Applications,B
Family Business Review,B
Finance and Stochastics,B
Finance Research Letters,B
Financial Accountability & Management,B
Financial Analysts Journal (FAJ)|Financial Analysts Journal,B
Financial Management,B
Financial Markets and Portfolio Management,B
Financial Markets, Institutions and Instruments,B
Financial Review,B
FinanzArchiv - Public Finance Analysis (FA)|FinanzArchiv - Public Finance Analysis,B
Fiscal Studies,C
Flexible Services and Manufacturing Journal,B
Food Quality and Preferences,B
Foresight,C
Frontiers in Artificial Intelligence,C
Fuzzy Sets and Systems,B
GAIA - Ökologische Perspektiven in Natur-, Geistes- und,C
Gender & Society,B
Gender, Work & Organization,B
Geneva Papers on Risk and Insurance: Issues and Practice|Geneva Papers on Risk and Insurance,B
Geneva Risk and Insurance Review,C
German Economic Review,B
German Journal of Human Resource Management = Zeitschrift für Personalforschung,B
Gesundheitsökonomie & Qualitätsmanagement,D
Global Finance Journal,C
Global Journal of Flexible Systems Management,D
Global Strategy Journal,A
Governance,A
Government Information Quarterly,B
Group & Organization Management,B
Group Decision and Negotiation,B
Group Processes & Intergroup Relations,B
Gruppe. Interaktion. Organisation. Zeitschrift für Angewandte Organisationspsychologie,C
Harvard Business Review,B
Harvard-Business-Manager,C
Health Affairs,A
Health Care Management Review,B
Health Care Management Science,A
Health Economics,A
Health Economics, Policy and Law,B
Health Policy,B
Health Services Management Research,C
Health Services Research,A
Higher Education Quarterly,B
Higher Education: The International Journal of Higher Education Research|Higher Education,A
HMD : Praxis der Wirtschaftsinformatik|HMD,C
Hochschulmanagement 2614833-X Das Hochschulwesen,D
Human factors : the journal of the Human Factors and Ergonomics Society|Human factors,B
Human factors and ergonomics in manufacturing,C
Human Relations,A
Human Resource Development International,C
Human Resource Development Quarterly,C
Human Resource Development Review,C
Human Resource Management,A
Human Resource Management Journal,A
Human Resource Management Review,A
Human-Computer Interaction,B
i-com: Journal of Interactive Media|i-com,D
IEEE Access,B
IEEE Engineering Management Review,B
IEEE Internet Computing,B
IEEE Software,B
IEEE Transactions on Engineering Management,B
IEEE Transactions on Human-Machine Systems,B
IEEE Transactions on Intelligent Transportation Systems (T-ITS)|IEEE Transactions on Intelligent Transportation Systems,B
IEEE Transactions on Knowledge and Data Engineering,B
IEEE Transactions on Software Engineering,B
IEEE Transactions on Systems, Man, and Cybernetics: Systems|IEEE Transactions on Systems, Man, and Cybernetics,B
IFAC-PapersOnLine,C
IISE Transactions,A
ILR Review: The Journal of Work and Policy|ILR Review,A
IMA journal of management mathematics,B
Industrial and Corporate Change,B
Industrial and Organizational Psychology: Perspectives on Science and Practice|Industrial and Organizational Psychology,C
Industrial Management & Data Systems,C
Industrial Marketing Management,B
Industrial Relations Journal,B
Industrial Relations: A Journal of Economy and Society|Industrial Relations,B
Industrielle Beziehungen : Zeitschrift für Arbeit, Organisation und Management|Industrielle Beziehungen,C
Industry and Innovation,B
INFOR: Information Systems and Operational Research|INFOR,B
Informatik Spektrum,D
Information & Management,B
Information and Organization,B
Information and Software Technology,B
Information Resources Management Journal,C
Information Sciences,C
Information Systems,B
Information Systems and e-Business Management,C
Information Systems Frontiers,B
Information Systems Journal,A
Information Systems Management,B
Information Systems Research,A+
Information Technology & People,B
Information Technology and Management,B
INFORMS Journal on Applied Analytics,B
INFORMS Journal on Computing,A
INFORMS Journal on Data Science,B
INFORMS Journal on Optimization,B
INFORMS Transactions on Education,B
Innovation: Organization & Management|Innovation,B
Insurance: Mathematics & Economics|Insurance,B
International Academy of Business and Economics Journal of Business Economics and Management,D
International Business and Economics Asia Pacific Business Review,C
International Business Review,B
International Economic Review,A
International Entrepreneurship and Management Journal,C
International Journal of Accounting Information Systems,B
International Journal of Accounting, Auditing and Performance Evaluation,C
International Journal of Advertising,C
International Journal of Automotive Technology and Management : IJATM|International Journal of Automotive Technology and Management,D
International Journal of Bank Marketing,D
International Journal of Business Environment,D
International Journal of Business Governance and Ethics,C
International Journal of Business Innovation and Research,D
International Journal of Business Research : IJBR / A Publication of the Academy,C
International Journal of Business Research : IJBR / A Publication of the Academy of,C
International Journal of Business Science and Applied Management,D
International Journal of Business Strategy,D
International Journal of Central Banking,C
International Journal of Consumer Studies,C
International Journal of Contemporary Hospitality Management,D
International Journal of Cross Cultural Management,C
International Journal of Electronic Business,C
International Journal of Electronic Commerce,B
International Journal of Emerging Markets,C
International Journal of Energy Sector Management,C
International Journal of Entrepreneurial Behaviour and Research,B
International Journal of Entrepreneurial Venturing,C
International Journal of Entrepreneurship and Innovation Management,C
International Journal of Entrepreneurship and Small Business,C
International Journal of Forecasting,B
International Journal of Foresight and Innovation Policy,D
International Journal of Gender and Entrepreneurship,D
International Journal of Health Economics and Management,B
International Journal of Healthcare Management (früher: Journal of Management &,D
International Journal of Human Computer Studies,B
International Journal of Human Resource Management,A
International Journal of Humantarian Logistics & Supply Chain Management,B
International journal of industrial ergonomics : IE|International journal of industrial ergonomics,C
International Journal of Industrial Organization,B
International Journal of Information Management,B
International Journal of Information Technology & Decision Making,C
International Journal of Innovation and Sustainable Development,C
International Journal of Innovation and Technology Management,C
International Journal of Innovation in the Digital Economy,D
International Journal of Innovation Management,B
International Journal of Innovation Science,C
International Journal of Integrated Supply Management,C
International Journal of Knowledge Management,C
International Journal of Learning and Change: IJLC|International Journal of Learning and Change,D
International Journal of Learning and Intellectual Capital,D
International Journal of Life Cycle Assessment,B
International Journal of Logistics : Research and Applications|International Journal of Logistics,C
International Journal of Logistics Management,B
International journal of logistics systems and management,C
International Journal of Management and Enterprise Development,D
International Journal of Management Practice,D
International Journal of Management Reviews,B
International Journal of Manpower,C
International Journal of Market Research,C
International Journal of Mobile Communications,D
International Journal of Operational Research,C
International Journal of Operations & Production Management,B
International Journal of Physical Distribution & Logistics Management,B
International Journal of Product Development,C
International Journal of Product Lifecycle Management,C
International Journal of Production Economics,B
International Journal of Production Research,B
International Journal of Productivity and Performance Management,C
International Journal of Project Management,B
International Journal of Public Administration,B
International Journal of Public Leadership,C
International Journal of Public Sector Management,B
International Journal of Public Sector Performance Management,C
International Journal of Research in Marketing,A
International Journal of Retail & Distribution Management,C
International Journal of Revenue Management,C
International Journal of Selection and Assessment,B
International Journal of Service Science, Management, Engineering, and Technology,D
International Journal of Strategic Management : IJSM : A Publication of the,D
International Journal of Strategic Management : IJSM : A Publication of the International Academy of Business and Economics International Journal of Tourism Research,D
International Journal of Sustainable Strategic Management,C
International Journal of Technology and Globalisation,D
International Journal of Technology Assessment in Health Care,B
International Journal of Technology Intelligence and Planning,D
International Journal of Technology Management,C
International Journal of Technology Management and Sustainable Development,D
International Journal of Technology Marketing,D
International Journal of Technology Transfer and Commercialisation,D
International Journal of Wine Business Research,D
International Labour Review,B
International Marketing Review,B
International Public Management Journal,B
International Public Management Review,C
International Review of Administrative Sciences,B
International Review of Economics and Finance,C
International Review of Entrepreneurship,D
International Review of Finance,C
International Review of Financial Analysis,B
International Review of Law and Economics,B
international Review of Management Studies) Baltic Journal of Management,C
international Review of Management Studies) Harvard Business Review,B
International Review of Public Administration,C
International Review of Retail, Distribution and Consumer Research,C
International Review on Public and Nonprofit Marketing,C
International Small Business Journal,B
International Studies of Management and Organization,C
International Tax and Public Finance,B
International Transactions in Operational Research,B
Internet Research,B
it - Information Technology (früher: it+ti - Informationstechnik und Technische Informatik)|it - Information Technology,D
Jahrbücher für Nationalökonomie und Statistik: Journal of Economics and Statistics|Jahrbücher für Nationalökonomie und Statistik,B
JORS. Journal of the Operational Research Society,B
Journal of Academy of Business and Economics,C
Journal of Accounting & Organizational Change,C
Journal of Accounting and Economics,A+
Journal of Accounting and Public Policy,B
Journal of Accounting Research,A+
Journal of Accounting, Auditing & Finance,B
Journal of Advertising,B
Journal of Advertising Research,B
Journal of Air Transport Management,B
Journal of Alternative Investments,B
Journal of Applied Business Research,D
Journal of Applied Corporate Finance,B
Journal of Applied Psychology,A+
Journal of Applied Social Psychology,B
Journal of Asset Management,B
Journal of Banking & Finance,A
Journal of Behavioral and Experimental Economics,B
Journal of Behavioral Decision Making,B
Journal of Behavioral Finance,B
Journal of Behavioral Public Administration,B
Journal of Brand Management,C
Journal of Business,A
Journal of Business & Industrial Marketing,C
Journal of Business Analytics,C
Journal of Business and Psychology,B
Journal of Business Economics,B
Journal of Business Economics and Management,D
Journal of Business Ethics,A
Journal of Business Finance & Accounting,B
Journal of Business Logistics,A
Journal of Business Models,C
Journal of Business Research,A
Journal of Business Strategy,C
Journal of Business Valuation and Economic Loss Analysis,C
Journal of Business Venturing,A
Journal of Business Venturing Design,B
Journal of Business Venturing Insights,B
Journal of Business-to-Business Marketing,C
Journal of Change Management,C
Journal of Cleaner Production,B
Journal of Commodity Markets,B
Journal of Competences, Strategy & Management,C
Journal of Computational Finance,B
Journal of Computer-Mediated Communication,C
Journal of Consumer Affairs,C
Journal of Consumer Behaviour,B
Journal of Consumer Marketing,C
Journal of Consumer Policy,C
Journal of Consumer Psychology,A
Journal of Consumer Research,A+
Journal of Corporate Accounting and Finance,C
Journal of Corporate Finance,A
Journal of Credit Risk,B
Journal of Cross-Cultural Psychology,B
Journal of Cultural Economics,B
Journal of Customer Behaviour,C
Journal of Decision Systems,B
Journal of Derivatives,B
Journal of Destination Marketing & Management,D
Journal of Developmental Entrepreneurship,D
Journal of Digital Economy,D
Journal of East European Management Studies,C
Journal of Econometrics,A
Journal of Economic Behavior & Organization,A
Journal of Economic Dynamics & Control,A
Journal of Economic Literature,A
Journal of Economic Perspectives,A
Journal of Economic Psychology,B
Journal of Economic Theory,A
Journal of Economics and Finance,C
Journal of Economics and Management Strategy,B
Journal of Electronic Commerce in Organizations,C
Journal of Electronic Commerce Research,C
Journal of Empirical Finance,B
Journal of Engineering and Technology Management,C
Journal of Enterprise Information Management,C
Journal of Enterprising Communities,D
Journal of Enterprising Communities: People and Places in the Global Economy,C
Journal of Enterprising Culture,C
Journal of Entrepreneurial Finance,C
Journal of Entrepreneurship,B
Journal of Entrepreneurship and Innovation in Emerging Economies,C
Journal of Entrepreneurship and Public Policy,C
Journal of Entrepreneurship Education,C
Journal of Entrepreneurship in Emerging Economies,D
Journal of Entrepreneurship Management and Innovation: JEMI|Journal of Entrepreneurship Management and Innovation,D
Journal of Environmental Economics and Management,B
Journal of Environmental Management,B
Journal of Environmental Planning and Management,B
Journal of European Public Policy,A
Journal of European Social Policy,B
Journal of Evolutionary Economics,C
Journal of Experimental Social Psychology,A
Journal of Family Business Management,C
Journal of Family Business Strategy,B
Journal of Financial and Quantitative Analysis (JFQA)|Journal of Financial and Quantitative Analysis,A
Journal of Financial Econometrics,B
Journal of Financial Economic Policy,D
Journal of Financial Economics,A+
Journal of Financial Intermediation,A
Journal of Financial Markets,B
Journal of Financial Research,B
Journal of Financial Services Marketing,C
Journal of Financial Services Research,B
Journal of Financial Stability,A
Journal of Fixed Income,B
Journal of Forecasting,B
Journal of Futures Markets,B
Journal of General Management,C
Journal of Global Entrepreneurship Research,C
Journal of Global Marketing,C
Journal of Global Mobility,C
Journal of Global Responsibility,C
Journal of Health Economics,A+
Journal of Health Organization and Management,C
Journal of Health Services Research & Policy,B
Journal of Healthcare Management,C
Journal of Heuristics,B
Journal of High Technology Management Research,C
Journal of Human Resources,B
Journal of Industrial Ecology,A
Journal of Industrial Economics,B
Journal of Industrial Relations,B
Journal of Information Systems,C
Journal of Information Systems Education,C
Journal of Information Technology,A
Journal of Information Technology Teaching Cases,C
Journal of Informetrics,C
Journal of Innovation and Entrepreneurship,C
Journal of Innovation and Knowledge,C
Journal of Innovation Economics & Management,C
Journal of Institutional and Theoretical Economics (JITE)|Journal of Institutional and Theoretical Economics,B
Journal of Insurance Issues,C
Journal of Intellectual Capital,C
Journal of intelligent manufacturing,C
Journal of Interactive Advertising,C
Journal of Interactive Marketing,B
Journal of International Accounting Auditing and Taxation,B
Journal of International Business Policy,B
Journal of International Business Studies,A
Journal of International Economics,A
Journal of International Entrepreneurship,C
Journal of International Financial Markets, Institutions and Money,B
Journal of International Management,B
Journal of International Marketing,B
Journal of International Money and Finance,B
Journal of Investing,C
Journal of Knowledge Management,C
Journal of Labor Economics,A
Journal of Law & Economics,A
Journal of Law, Economics and Organization,B
Journal of Law, Finance, and Accounting,C
Journal of Leadership & Organizational Studies,B
Journal of Leadership Studies,C
Journal of Macromarketing,C
Journal of Management,A
Journal of Management & Organization,B
Journal of Management Accounting Research,B
Journal of Management and Governance,C
Journal of Management Control,C
Journal of Management Education,C
Journal of Management Information Systems|JMIS|J Manag Inf Syst,A
Journal of Management Inquiry,B
Journal of Management Studies,A
Journal of Managerial Psychology,B
Journal of Manufacturing Systems,C
Journal of Manufacturing Technology Management,C
Journal of Marketing,A+
Journal of Marketing Analytics,C
Journal of Marketing Education,C
Journal of Marketing Management,C
Journal of Marketing Research,A+
Journal of Marketing Theory and Practice,B
Journal of Medical Internet Research,B
Journal of Monetary Economics,A
Journal of Money, Credit and Banking (JMCB)|Journal of Money, Credit and Banking,A
Journal of Multi-Criteria Decision Analysis,B
Journal of Nonprofit & Public Sector Marketing,C
Journal of Occupational and Organizational Psychology,B
Journal of Occupational Health Psychology,B
Journal of Open Innovation: Technology, Market and Complexity|Journal of Open Innovation,C
Journal of Operations Management,A
Journal of Organization Design,B
Journal of Organizational Behavior,A
Journal of Organizational Behavior Management,B
Journal of Organizational Change Management,B
Journal of Organizational Computing and Electronic Commerce,C
Journal of Organizational Sociology,B
Journal of Pension Economics and Finance,C
Journal of Personal Selling & Sales Management,B
Journal of Personality and Social Psychology,A+
Journal of Personnel Psychology,B
Journal of Philanthropy and Marketing,C
Journal of Policy Analysis and Management,B
Journal of Political Economy,A+
Journal of Product & Brand Management,C
Journal of Product Innovation Management,A
Journal of productivity analysis,C
Journal of Professions and Organization,B
Journal of Property Investment and Finance,D
Journal of Public Administration Research and Theory,A
Journal of Public Economic Theory,B
Journal of Public Economics,A
Journal of Public Policy & Marketing,B
Journal of Purchasing & Supply Management,B
Journal of Real Estate Portfolio Management,C
Journal of Real Estate Research (JRER)|Journal of Real Estate Research,C
Journal of Relationship Marketing,C
Journal of Research in Marketing and Entrepreneurship,C
Journal of Retailing,A
Journal of Retailing and Consumer Services,B
Journal of Revenue and Pricing Management,C
Journal of Risk,B
Journal of Risk and Insurance,A
Journal of Risk and Uncertainty,B
Journal of Risk Finance,B
Journal of Scheduling,A
Journal of Science and Technology Policy Management,D
Journal of Service Management,B
Journal of Service Management Research,C
Journal of Service Research,A
Journal of Service Theory and Practice,C
Journal of Services Marketing,C
Journal of Small Business & Entrepreneurship,C
Journal of Small Business and Enterprise Development,C
Journal of Small Business Management,B
Journal of Small Business Strategy,C
Journal of Social Entrepreneurship,C
Journal of Sport Management,C
Journal of Strategic Marketing,C
Journal of Strategy and Management,C
Journal of Structured Finance,D
Journal of Supply Chain Management,B
Journal of Sustainable Finance & Investment,B
Journal of Sustainable Tourism,C
Journal of Systems and Software,B
Journal of the Academy of Marketing Science,A
Journal of the ACM,B
Journal of the Association for Consumer Research,B
Journal of the Association for Information Science and Technology,C
Journal of the Association for Information Systems,A
Journal of the European Economic Association,A
Journal of the International Council for Small Business,C
Journal of the Knowledge Economy,C
Journal of the Operational Research Society,B
Journal of Transport Geography,B
Journal of Travel Research,B
Journal of Vocational Behavior,A
Journal of Wealth Management,C
Journal of World Business,A
Junior Management Science,D
KI - Künstliche Intelligenz,C
Knowledge Management Research & Practice,C
Kyklos,B
Kölner Zeitschrift für Soziologie und Sozialpsychologie,B
Labor Studies Journal,C
Labour Economics,B
Labour: Review of Labour Economics and Industrial Relations|Labour,B
Leadership,B
Leadership & Organizational Development Journal,C
Lecture Notes in Logistics,C
Leviathan : Berliner Zeitschrift für Sozialwissenschaft|Leviathan,B
Local Government Studies,B
Logistics Research,C
London Business School Review,D
Long Range Planning,B
M@n@gement,B
Management Accounting Research,A
Management and Organisation Review,B
Management and Organization Review,B
Management Decision,B
Management International Review,B
Management Learning,B
Management Personal Quarterly : Wissenschaftsjournal für die Personalpraxis,C
Management Research Review,C
Management Review Quarterly,B
management revue - Socio-economic Studies (früher: management revue - The,B
Management Revue : Socio-Economic Studies|Management Revue,B
Management Science,A+
Management: An International Journal) ILR Review: The Journal of Work and Policy,B
Managementforschung,B
Managerial and Decision Economics,B
Managerial Finance,C
Manufacturing & Service Operations Management,A
Maritime Policy & Management,C
Maritime Transport Research,B
Marketing Intelligence Review,D
Marketing Letters,B
Marketing Review St. Gallen,D
Marketing Science,A+
Marketing Theory,B
Marketing ZFP - Journal of Research and Management,C
Mathematical Finance,B
Mathematical Methods of Operations Research,B
Mathematical Programming,A
Mathematics of Operations Research,A
McKinsey Quarterly,D
Medical Care,B
Medical Decision Making,A
MIS quarterly / Management Information Systems Research Center (MISRC)|MIS quarterly|MISQ|MIS Q,A+
MIS Quarterly Executive,B
MIT Sloan Management Review,B
Multinational Business Review,C
Multivariate Behavioral Research,B
National Tax Journal,A
Nature,A+
Nature climate change,A
Nature Communications,A
Nature Energy,A
Nature Human Behaviour,A
Nature Machine Intelligence,A
Nature Sustainability,A
Naval Research Logistics,B
Networks,A
Networks and Spatial Economics,B
New England Journal of Entrepreneurship,C
New Technology, Work and Employment,B
Nonprofit and Voluntary Sector Quarterly,A
Nonprofit Management & Leadership,B
Nonprofit Policy Forum,B
Nonprofit Services) Information Polity,C
Nordic Tax Journal,B
North American Actuarial Journal,B
North American Journal of Economics and Finance,C
of International Business and Economics Journal of Marketing Communications,C
Omega,B
Operations Management Research : OMR|Operations Management Research,C
Operations Research,A+
Operations research forum,B
Operations Research Letters,B
Operations Research Perspectives,C
Operations Research, Data Analytics and Logistics,B
Operations Research, Data Analytics und Logistik,B
Optimization Letters,B
OR Spectrum,A
Organisationsentwicklung : Zeitschrift für Unternehmensentwicklung und Change,C
Organization,B
Organization & Environment,B
Organization Science,A+
Organization Studies,A
Organization Theory,A
Organizational Behavior and Human Decision Processes,A
Organizational Dynamics,B
Organizational Psychology Review,B
Organizational Research Methods,A
Pacific Asia Journal of the Association for Information Systems,C
Pacific-Basin Finance Journal,C
Personality and Individual Differences,B
Personality and Social Psychology Bulletin,A
Personnel Psychology,A
Personnel Review,B
Perspectives on Public Management and Governance,B
Perspektiven der Wirtschaftspolitik (PWP)|Perspektiven der Wirtschaftspolitik,C
PharmacoEconomics,A
PLOS One,B
Problems and Perspectives in Management,C
Proceedings of the National Academy of Sciences,A
Production and Operations Management,A
Production Planning & Control,B
Project Management Journal,B
Psychological Methods,A
Psychological Science,A+
Psychology & Marketing,B
Psychometrika,A
Public Administration,A
Public Administration and Development,C
Public Administration Quarterly,C
Public Administration Review,A
Public Choice,C
Public Finance Review,B
Public Management Review,A
Public Money & Management,B
Public Performance & Management Review,B
Public Personnel Management,C
Public Policy and Administration,B
Public transport : planning and operations|Public transport,C
Qualitative Market Research,C
Qualitative Research in Accounting & Management : QRAM|Qualitative Research in Accounting & Management,B
Qualitative Research in Financial Markets,D
Quantitative Finance,B
Quantitative Marketing and Economics,A
Quarterly Journal of Economics,A+
R&D Management,B
Real Estate Economics,B
Real Estate Finance,C
Recherche et Applications en Marketing (English Edition)|Recherche et Applications en Marketing,C
Regional Studies,B
Relations Industrielles / Industrial Relations|Relations Industrielles,B
Renewable and Sustainable Energy Reviews,B
Research in Higher Education,B
Research in International Business and Finance,C
Research in Organizational Behavior,B
Research in the Sociology of Organizations,B
Research Policy,A
Research Technology Management,C
Resource and Energy Economics,B
Resources, Conservation and Recycling,B
Review of Accounting Studies,A
Review of Derivatives Research,A
Review of Economic Studies,A+
Review of Finance,A
Review of Financial Economics,B
Review of Managerial Science,B
Review of Marketing Research,C
Review of Marketing Science,C
Review of Public Personnel Administration,B
Review of Quantitative Finance and Accounting,B
Revue de l'entrepreneuriat,D
Revue Internationale PME,D
Risk Analysis,C
Risk Management and Insurance Review,D
Scandinavian Journal of Information Systems,B
Scandinavian Journal of Management,B
Schmalenbach Business Review,B
Schmalenbach Journal of Business Research,B
Science,A+
Science and Technology Studies,D
Science Technology and Human Values,C
Scientometrics,B
Service Business,D
Service Industries Journal,C
Service Science,B
SIAM Journal on Computing,A
Small Business Economics,B
Small Enterprise Research,C
Smart and Sustainable Built Environment,C
Social and Environmental Accountability Journal,B
Social Enterprise Journal,C
Social Forces,B
Social Policy & Administration,C
Social Responsibility Journal,C
Social Science & Medicine,A
Society and Business Review,B
Socio-Economic Review,B
Software and Systems Modeling,B
Soziale Systeme : Zeitschrift für soziologische Theorie|Soziale Systeme,B
Sport Management Review,C
Steuer und Wirtschaft,B
Strategic Change,B
Strategic Entrepreneurship Journal,A
Strategic Management Journal,A+
Strategic Management Review: SMR|Strategic Management Review,B
Strategic Organization,B
Strategy & Leadership,C
Strategy Science,A
Structural Equation Modeling: A Multidisciplinary Journal|Structural Equation Modeling,B
Studies in Higher Education,A
Supply Chain Forum: An International Journal|Supply Chain Forum,C
Supply Chain Management : An International Journal|Supply Chain Management,B
Sustainability Accounting, Management and Policy Journal,B
Sustainability Analytics and Modeling,B
Sustainability Nexus Forum,C
Sustainability Science,B
Sustainable Development,B
Sustainable Production and Consumption,B
Sustainable Technology and Entrepreneurship,D
System Dynamics Review,B
Teaching Public Administration,C
Technological Forecasting and Social Change,B
Technology Analysis & Strategic Management,C
Technology in Society: An International Journal|Technology in Society,C
Technology Innovation Management Review,D
Technovation,B
Telecommunications Policy,C
The American Review of Public Administration,B
The Economic Journal,A
The Energy Journal,B
The European Journal of Health Economics,A
The International Journal of Advanced Manufacturing Technology,B
The International Journal of Entrepreneurship and Innovation,C
The International Journal of Health Planning and Management,C
The International Journal of Management Education,C
The Journal of Applied Behavioral Science,B
The Journal of Finance,A+
The Journal of Portfolio Management,B
The Journal of Private Equity,C
The Journal of Real Estate Finance and Economics,C
The Journal of Strategic Information Systems,A
The Journal of Technology Transfer,B
The Journal of the American Taxation Association,B
The Leadership Quarterly,A
The Quarterly Review of Economics and Finance,B
The RAND Journal of Economics,A
The Review of Asset Pricing Studies,A
The Review of Corporate Finance Studies,A
The Review of Economics and Statistics,A
The Review of Financial Studies,A+
The Scandinavian Journal of Economics,B
The World Economy,C
Thunderbird International Business Review,B
Tourism Management,B
Transfer - Zeitschrift für Kommunikation und Markenmanagement,D
Transnational Corporations,C
Transport Policy,B
Transport Reviews,C
Transportation,B
Transportation Journal,C
Transportation Research Interdisciplinary Perspectives,C
Transportation Research Part A: Policy and Practice|Transportation Research Part A,B
Transportation Research Part B: Methodological|Transportation Research Part B,A
Transportation Research Part C: Emerging Technologies|Transportation Research Part C,B
Transportation Research Part D: Transport and Environment|Transportation Research Part D,B
Transportation Research Part E: Logistics and Transportation Review|Transportation Research Part E,B
Transportation Research Part F: Traffic Psychology and Behaviour|Transportation Research Part F,B
Transportation Research Procedia,C
Transportation Research Record,C
Transportation Science,A
Urban Studies,B
Value in Health,A
Venture Capital,C
Versicherungswirtschaft,D
Voluntary Sector Review: An International Journal of Third Sector Research, Policy,B
Voluntas: International Journal of Voluntary and Nonprofit Organizations|Voluntas,B
Waste Management,B
Waste Management & Research: The Journal for a Sustainable Circular Economy|Waste Management & Research,C
Wirtschaftsinformatik und Management,D
Wirtschaftswissenschaften Ökologisches Wirtschaften,D
Wirtschaftswissenschaftliches Studium,D
Work & Stress : An International Journal of Work Health and Organisations|Work & Stress,B
Work and Occupations,B
Work, Aging and Retirement,B
Work, Employment and Society,B
World Patent,C
World Review of Entrepreneurship, Management and Sustainable Development,D
World Tax Journal,B
ZBB - Zeitschrift für Bankrecht und Bankwirtschaft,C
Zeitschrift für Arbeits- und Organisationspsychologie,C
Zeitschrift für Arbeitswissenschaft,C
Zeitschrift für das gesamte Genossenschaftswesen,C
Zeitschrift für das gesamte Kreditwesen,D
Zeitschrift für die gesamte Versicherungswissenschaft,D
Zeitschrift für Energiewirtschaft,C
Zeitschrift für Gemeinwirtschaft und Gemeinwohl (Z’GuG) (früher: Zeitschrift für öffentliche und gemeinwirtschaftliche Unternehmen (ZögU) – Journal for Public and,C
Zeitschrift für KMU und Entrepreneurship,C
Zeitschrift für Management (Journal wurde eingestellt)|Zeitschrift für Management,C
Zeitschrift für Umweltpolitik & Umweltrecht (ZfU)|Zeitschrift für Umweltpolitik & Umweltrecht,B
Zeitschrift für Unternehmens- und Gesellschaftsrecht (ZGR)|Zeitschrift für Unternehmens- und Gesellschaftsrecht,D
Zeitschrift für Verkehrswissenschaft (ZfV)|Zeitschrift für Verkehrswissenschaft,D
Zeitschrift für Versicherungswesen (ZfV)|Zeitschrift für Versicherungswesen,D
Zeitschrtift für Wirtschafts- und Unternehmensethik,B
zfbf Schmalenbachs Zeitschrift für betriebswirtschaftliche Forschung (eingestellt)|zfbf Schmalenbachs Zeitschrift für betriebswirtschaftliche Forschung,B
zfo - Zeitschrift Führung + Organisation,C
